organization,organization_slug,full_name,aliases,category,domains,keywords_fr,keywords_en,keywords_ar,dataset_titles,source_description,profile_text,package_count
ADD,agence-de-developpement-du-digital,Agence de Developpement du Digital,ADD|Agence de Developpement du Digital|Digital Development Agency,digital_transformation,transformation digitale|administration numerique|innovation|services numeriques|ADD|innovation digitale|ecosysteme startup|transformation numerique des entreprises,digital|numerique|startup|innovation|e-gov|transformation digitale|services en ligne|tpe|pme|innovation digitale|ecosysteme startup|entreprises technologiques,digital|digital government|startup|innovation|e-government|online services|sme|startup ecosystem|digital innovation|tech companies,التحول الرقمي|الادارة الرقمية|الابتكار|الخدمات الرقمية|الحكومة الالكترونية|الشركات الناشئة|المقاولات الصغرى والمتوسطة|الابتكار الرقمي,"Réunions à distance - Conseils et bonnes pratiques|Services IT externalisés|Guide de bonnes pratiques pour la digitalisation des services publics|Guide du dirigeant responsable - Accompagner ses collaborateurs sur le plan émotionnel en période de crise sanitaire|Données sur les porteurs d'initiatives au profit des startups 2023|Base de données des startups marocaines répertoriée chez l’ADD|Covid-19 et Formation à Distance - Conseils pour les élèves, les parents et les enseignants",Données ouvertes de l'Agence de Développement du Digital.,"Agence de Developpement du Digital. Category: digital_transformation. Aliases: ADD, Agence de Developpement du Digital, Digital Development Agency. Domaines: transformation digitale, administration numerique, innovation, services numeriques, ADD. Requetes FR: digital, numerique, startup, innovation, e-gov, transformation digitale, services en ligne. Related EN: digital, digital government, startup, innovation, e-government, online services. طلبات AR: التحول الرقمي, الادارة الرقمية, الابتكار, الخدمات الرقمية, الحكومة الالكترونية, الشركات الناشئة. Description source: Données ouvertes de l'Agence de Développement du Digital.. Representative datasets: Réunions à distance - Conseils et bonnes pratiques; Services IT externalisés; Guide de bonnes pratiques pour la digitalisation des services publics; Guide du dirigeant responsable - Accompagner ses collaborateurs sur le plan émotionnel en période de crise sanitaire; Données sur les porteurs d'initiatives au profit des startups 2023; Base de données des startups marocaines répertoriée chez l’ADD; Covid-19 et Formation à Distance - Conseils pour les élèves, les parents et les enseignants. Open data packages: 7. Targeted domains: innovation digitale, ecosysteme startup, transformation numerique des entreprises. Targeted FR terms: tpe, pme, startup, innovation digitale, ecosysteme startup, entreprises technologiques. Targeted EN terms: sme, startup ecosystem, digital innovation, tech companies. Targeted AR terms: المقاولات الصغرى والمتوسطة, الشركات الناشئة, الابتكار الرقمي.",7
Agence du Bassin Hydraulique de Souss Massa,agence-du-bassin-hydraulique-de-souss-massa,Agence du Bassin Hydraulique de Souss Massa,Agence du Bassin Hydraulique de Souss Massa,water_resources,eau|hydrologie|bassin hydraulique|ressources hydriques|Agence du Bassin Hydraulique de Souss Massa,eau|barrage|pluie|hydrologie|nappe phreatique|ressources hydriques,water|hydrology|rainfall|dams|groundwater|water resources,المياه|الهيدرولوجيا|السدود|التساقطات|الموارد المائية|الفرشة المائية,Pluie journalière du barrage Y.B. TACHFINE (1967-2024)|Pluie journalière de la station ABHSMD (Ex-DRH Agadir) (1986-2024)|Pluie journalière de la station TALAINT (2007-2024)|Liste des barrages dans le bassin hydraulique de Souss Massa|Pluie journalière de la station Aït Melloul (2011-2024)|Débit moyen journalier de la station Aït Melloul (1970-2024)|Débit moyen journalier de la station TALAINT (1993-2024),Données ouvertes de l'Agence du Bassin Hydraulique de Souss Massa,"Agence du Bassin Hydraulique de Souss Massa. Category: water_resources. Aliases: Agence du Bassin Hydraulique de Souss Massa. Domaines: eau, hydrologie, bassin hydraulique, ressources hydriques, Agence du Bassin Hydraulique de Souss Massa. Requetes FR: eau, barrage, pluie, hydrologie, nappe phreatique, ressources hydriques. Related EN: water, hydrology, rainfall, dams, groundwater, water resources. طلبات AR: المياه, الهيدرولوجيا, السدود, التساقطات, الموارد المائية, الفرشة المائية. Description source: Données ouvertes de l'Agence du Bassin Hydraulique de Souss Massa. Representative datasets: Pluie journalière du barrage Y.B. TACHFINE (1967-2024); Pluie journalière de la station ABHSMD (Ex-DRH Agadir) (1986-2024); Pluie journalière de la station TALAINT (2007-2024); Liste des barrages dans le bassin hydraulique de Souss Massa; Pluie journalière de la station Aït Melloul (2011-2024); Débit moyen journalier de la station Aït Melloul (1970-2024); Débit moyen journalier de la station TALAINT (1993-2024). Open data packages: 7.",7
Agence Urbaine Safi - Youssoufia,agence-urbaine-safi-youssoufia,Agence Urbaine Safi - Youssoufia,Agence Urbaine Safi - Youssoufia,urban_planning,urbanisme|amenagement|habitat|planification urbaine|Agence Urbaine Safi - Youssoufia,urbanisme|amenagement|plan d amenagement|habitat|construction|territoire,urban planning|land use|housing|zoning|territorial planning|construction,التعمير|تهيئة المجال|السكن|التخطيط الحضري|البناء|التراب,Situation des quartiers à restructuration 2021|Situation des documents d’urbanisme 2021|Situation des études spécifiques 2021|Situation de l’instruction des dossiers de 2021|Liste des e-services de l'Agence Urbaine de Safi-Youssoufia|Situation de l’instruction en milieu rural 2021,Données ouvertes de l'Agence Urbaine Safi - Youssoufia,"Agence Urbaine Safi - Youssoufia. Category: urban_planning. Aliases: Agence Urbaine Safi - Youssoufia. Domaines: urbanisme, amenagement, habitat, planification urbaine, Agence Urbaine Safi - Youssoufia. Requetes FR: urbanisme, amenagement, plan d amenagement, habitat, construction, territoire. Related EN: urban planning, land use, housing, zoning, territorial planning, construction. طلبات AR: التعمير, تهيئة المجال, السكن, التخطيط الحضري, البناء, التراب. Description source: Données ouvertes de l'Agence Urbaine Safi - Youssoufia. Representative datasets: Situation des quartiers à restructuration 2021; Situation des documents d’urbanisme 2021; Situation des études spécifiques 2021; Situation de l’instruction des dossiers de 2021; Liste des e-services de l'Agence Urbaine de Safi-Youssoufia; Situation de l’instruction en milieu rural 2021. Open data packages: 6.",6
AMMC,ammc,Autorite Marocaine du Marche des Capitaux,AMMC|Autorite Marocaine du Marche des Capitaux|Moroccan Capital Market Authority,capital_markets,finance|marche des capitaux|bourse|titres financiers|AMMC,bourse|marche des capitaux|actions|obligations|finance|investissement,capital markets|stock exchange|shares|bonds|finance|investment,سوق الرساميل|البورصة|الاسهم|السندات|التمويل|الاستثمار,Statistiques hebdomadaires des Organismes de Placement Collectif en Valeurs Mobilières (OPCVM) pour l'année 2026|[Archive 2017] Statistiques hebdomadaires des Organismes de Placement Collectif en Valeurs Mobilières (OPCVM) pour l'année 2017|[Archive 2016] Statistiques hebdomadaires des Organismes de Placement Collectif en Valeurs Mobilières (OPCVM) pour l'année 2016|[Archive 2019] Statistiques hebdomadaires des Organismes de Placement Collectif en Valeurs Mobilières (OPCVM) pour l'année 2019|[Archive 2018] Statistiques hebdomadaires des Organismes de Placement Collectif en Valeurs Mobilières (OPCVM) pour l'année 2018|[Archive 2022] Statistiques hebdomadaires des Organismes de Placement Collectif en Valeurs Mobilières (OPCVM) pour l'année 2022|[Archive 2021] Statistiques hebdomadaires des Organismes de Placement Collectif en Valeurs Mobilières (OPCVM) pour l'année 2021|[Archive 2023] Statistiques hebdomadaires des Organismes de Placement Collectif en Valeurs Mobilières (OPCVM) pour l'année 2023|[Archive 2024] Statistiques hebdomadaires des Organismes de Placement Collectif en Valeurs Mobilières (OPCVM) pour l'année 2024|[Archive 2020] Statistiques hebdomadaires des Organismes de Placement Collectif en Valeurs Mobilières (OPCVM) pour l'année 2020|[Archive 2025] Statistiques hebdomadaires des Organismes de Placement Collectif en Valeurs Mobilières (OPCVM) pour l'année 2025,Données ouvertes de l'Autorité Marocaine du Marché des Capitaux,"Autorite Marocaine du Marche des Capitaux. Category: capital_markets. Aliases: AMMC, Autorite Marocaine du Marche des Capitaux, Moroccan Capital Market Authority. Domaines: finance, marche des capitaux, bourse, titres financiers, AMMC. Requetes FR: bourse, marche des capitaux, actions, obligations, finance, investissement. Related EN: capital markets, stock exchange, shares, bonds, finance, investment. طلبات AR: سوق الرساميل, البورصة, الاسهم, السندات, التمويل, الاستثمار. Description source: Données ouvertes de l'Autorité Marocaine du Marché des Capitaux. Representative datasets: Statistiques hebdomadaires des Organismes de Placement Collectif en Valeurs Mobilières (OPCVM) pour l'année 2026; [Archive 2017] Statistiques hebdomadaires des Organismes de Placement Collectif en Valeurs Mobilières (OPCVM) pour l'année 2017; [Archive 2016] Statistiques hebdomadaires des Organismes de Placement Collectif en Valeurs Mobilières (OPCVM) pour l'année 2016; [Archive 2019] Statistiques hebdomadaires des Organismes de Placement Collectif en Valeurs Mobilières (OPCVM) pour l'année 2019; [Archive 2018] Statistiques hebdomadaires des Organismes de Placement Collectif en Valeurs Mobilières (OPCVM) pour l'année 2018; [Archive 2022] Statistiques hebdomadaires des Organismes de Placement Collectif en Valeurs Mobilières (OPCVM) pour l'année 2022; [Archive 2021] Statistiques hebdomadaires des Organismes de Placement Collectif en Valeurs Mobilières (OPCVM) pour l'année 2021; [Archive 2023] Statistiques hebdomadaires des Organismes de Placement Collectif en Valeurs Mobilières (OPCVM) pour l'année 2023; [Archive 2024] Statistiques hebdomadaires des Organismes de Placement Collectif en Valeurs Mobilières (OPCVM) pour l'année 2024; [Archive 2020] Statistiques hebdomadaires des Organismes de Placement Collectif en Valeurs Mobilières (OPCVM) pour l'année 2020; [Archive 2025] Statistiques hebdomadaires des Organismes de Placement Collectif en Valeurs Mobilières (OPCVM) pour l'année 2025. Open data packages: 11.",11
ANRT,anrt,Agence Nationale de Reglementation des Telecommunications,ANRT|Agence Nationale de Reglementation des Telecommunications|Telecommunications Regulator,telecom,telecommunications|internet|reseaux|frequences|ANRT,telecom|internet|mobile|reseau|frequences|couverture,telecom|internet|mobile|network|spectrum|coverage,الاتصالات|الانترنت|الهاتف المحمول|الشبكات|الترددات|التغطية,Plaintes des consommateurs|Résultats des enquêtes TIC|Usage des adresses IP|Trafic sortant de la Voix et des SMS|Liaisons Data Entreprises|Qualité de service des réseaux mobiles des télécommunications|Usage moyen mensuel sortant de la téléphonie|Attribution des noms de domaines en «.ma»|Portabilité des numéros mobiles|Portabilité des numéros fixes|Revenu moyen par minute de communication (ARPM)/ Facture Internet|Parc des Publiphones,Données ouvertes de l'Agence Nationale de Réglementation des Télécommunications,"Agence Nationale de Reglementation des Telecommunications. Category: telecom. Aliases: ANRT, Agence Nationale de Reglementation des Telecommunications, Telecommunications Regulator. Domaines: telecommunications, internet, reseaux, frequences, ANRT. Requetes FR: telecom, internet, mobile, reseau, frequences, couverture. Related EN: telecom, internet, mobile, network, spectrum, coverage. طلبات AR: الاتصالات, الانترنت, الهاتف المحمول, الشبكات, الترددات, التغطية. Description source: Données ouvertes de l'Agence Nationale de Réglementation des Télécommunications. Representative datasets: Plaintes des consommateurs; Résultats des enquêtes TIC; Usage des adresses IP; Trafic sortant de la Voix et des SMS; Liaisons Data Entreprises; Qualité de service des réseaux mobiles des télécommunications; Usage moyen mensuel sortant de la téléphonie; Attribution des noms de domaines en «.ma»; Portabilité des numéros mobiles; Portabilité des numéros fixes; Revenu moyen par minute de communication (ARPM)/ Facture Internet; Parc des Publiphones. Open data packages: 16.",16
Archives du Maroc,archives-du-maroc,Archives du Maroc,Archives du Maroc,archives_heritage,archives|documents historiques|patrimoine documentaire|Archives du Maroc,archives|documents|memoire|histoire|patrimoine documentaire,archives|historical records|documents|memory|documentary heritage,الارشيف|الوثائق|الذاكرة|التاريخ|التراث الوثائقي,Textes juridiques et réglementaires relatifs aux archives|Fonds privés traités et conservés aux Archives du Maroc,Données ouvertes des Archives du Maroc,"Archives du Maroc. Category: archives_heritage. Aliases: Archives du Maroc. Domaines: archives, documents historiques, patrimoine documentaire, Archives du Maroc. Requetes FR: archives, documents, memoire, histoire, patrimoine documentaire. Related EN: archives, historical records, documents, memory, documentary heritage. طلبات AR: الارشيف, الوثائق, الذاكرة, التاريخ, التراث الوثائقي. Description source: Données ouvertes des Archives du Maroc. Representative datasets: Textes juridiques et réglementaires relatifs aux archives; Fonds privés traités et conservés aux Archives du Maroc. Open data packages: 2.",2
Autorité de Contrôle des Assurances et de la Prévoyance Sociale (ACAPS),autorite-de-controle-des-assurances-et-de-la-prevoyance-sociale,Autorite de Controle des Assurances et de la Prevoyance Sociale,ACAPS|Autorite de Controle des Assurances et de la Prevoyance Sociale|Insurance and Social Welfare Authority,insurance_social_protection,assurance|prevoyance sociale|protection sociale|retraite|Autorité de Contrôle des Assurances et de la Prévoyance Sociale (ACAPS),assurance|prevoyance sociale|couverture|retraite|protection sociale,insurance|social protection|coverage|pension|social security,التامين|الحماية الاجتماعية|التغطية|التقاعد|الضمان الاجتماعي,Rapport annuel du secteur de la prévoyance sociale|Statistiques du secteur de la retraite (2012-2023)|Principaux indicateurs du secteur de la retraite|Principaux indicateurs du secteur de l'assurance|Principaux indicateurs du secteur de la mutualité (Année 2020)|Statistiques du secteur de la mutualité (2012-2022)|Statistiques de l'assurance maladie obligatoire de base (2012-2023)|Principaux indicateurs de l'assurance maladie obligatoire de base,Données ouvertes de l'Autorité de Contrôle des Assurances et de la Prévoyance Sociale (ACAPS),"Autorite de Controle des Assurances et de la Prevoyance Sociale. Category: insurance_social_protection. Aliases: ACAPS, Autorite de Controle des Assurances et de la Prevoyance Sociale, Insurance and Social Welfare Authority. Domaines: assurance, prevoyance sociale, protection sociale, retraite, Autorité de Contrôle des Assurances et de la Prévoyance Sociale (ACAPS). Requetes FR: assurance, prevoyance sociale, couverture, retraite, protection sociale. Related EN: insurance, social protection, coverage, pension, social security. طلبات AR: التامين, الحماية الاجتماعية, التغطية, التقاعد, الضمان الاجتماعي. Description source: Données ouvertes de l'Autorité de Contrôle des Assurances et de la Prévoyance Sociale (ACAPS). Representative datasets: Rapport annuel du secteur de la prévoyance sociale; Statistiques du secteur de la retraite (2012-2023); Principaux indicateurs du secteur de la retraite; Principaux indicateurs du secteur de l'assurance; Principaux indicateurs du secteur de la mutualité (Année 2020); Statistiques du secteur de la mutualité (2012-2022); Statistiques de l'assurance maladie obligatoire de base (2012-2023); Principaux indicateurs de l'assurance maladie obligatoire de base. Open data packages: 8.",8
Bank Al-Maghrib,bank-al-maghrib,Bank Al-Maghrib,Bank Al-Maghrib|BAM|Banque centrale du Maroc|Central Bank of Morocco,central_bank,banque centrale|monnaie|politique monetaire|taux de change|Bank Al-Maghrib,banque centrale|monnaie|inflation|change|credit|taux directeur,central bank|currency|inflation|exchange rate|credit|monetary policy,البنك المركزي|العملة|التضخم|سعر الصرف|الائتمان|السياسة النقدية,Structure du système bancaire 2014-2022|Détail implantation bancaire au 31 décembre 2022|Position des institutions de dépôts (ID) vis-à-vis du secteur public hors Administration Centrale|Position des institutions de dépôts (ID) vis-à-vis des autres sociétés ﬁnancières (déc-2001 à sept-2023)|Position des institutions de dépôts (ID) vis-à-vis des secteurs institutionnels (déc-2001 à sept-2023)|Position des autres sociétés financières vis-à-vis de l'Administration Centrale(déc-2007 à sept-2023)|Créances sur l'économie (déc-2001 à sept-2023)|Créances des institutions de dépôts (ID) sur les autres secteurs résidents (déc-2001 à sept-2023)|Engagements envers les autres secteurs résidents (déc-2001 à sept-2023)|Agrégats de placements liquides (jan-2005 à sept-2023)|Contreparties de M3 (déc-2001 à sept-2023)|Position des autres sociétés financières vis-à-vis des ménages (déc-2007 à sept-2023),Données ouvertes de Bank Al-Maghrib,"Bank Al-Maghrib. Category: central_bank. Aliases: Bank Al-Maghrib, BAM, Banque centrale du Maroc, Central Bank of Morocco. Domaines: banque centrale, monnaie, politique monetaire, taux de change, Bank Al-Maghrib. Requetes FR: banque centrale, monnaie, inflation, change, credit, taux directeur. Related EN: central bank, currency, inflation, exchange rate, credit, monetary policy. طلبات AR: البنك المركزي, العملة, التضخم, سعر الصرف, الائتمان, السياسة النقدية. Description source: Données ouvertes de Bank Al-Maghrib. Representative datasets: Structure du système bancaire 2014-2022; Détail implantation bancaire au 31 décembre 2022; Position des institutions de dépôts (ID) vis-à-vis du secteur public hors Administration Centrale; Position des institutions de dépôts (ID) vis-à-vis des autres sociétés ﬁnancières (déc-2001 à sept-2023); Position des institutions de dépôts (ID) vis-à-vis des secteurs institutionnels (déc-2001 à sept-2023); Position des autres sociétés financières vis-à-vis de l'Administration Centrale(déc-2007 à sept-2023); Créances sur l'économie (déc-2001 à sept-2023); Créances des institutions de dépôts (ID) sur les autres secteurs résidents (déc-2001 à sept-2023); Engagements envers les autres secteurs résidents (déc-2001 à sept-2023); Agrégats de placements liquides (jan-2005 à sept-2023); Contreparties de M3 (déc-2001 à sept-2023); Position des autres sociétés financières vis-à-vis des ménages (déc-2007 à sept-2023). Open data packages: 43.",43
Caisse Nationale de Retraites et d’Assurances,caisse-nationale-de-retraites-et-d-assurances,Caisse Nationale de Retraites et d Assurances,CNRA|Caisse Nationale de Retraites et d Assurances,retirement_pension,retraite|pension|allocation|cotisation|Caisse Nationale de Retraites et d’Assurances,retraite|pension|cotisation|allocations|regime de retraite,retirement|pension|contributions|benefits|pension scheme,التقاعد|المعاش|المساهمات|التعويضات|نظام التقاعد,Adresses des Espaces Clientèle CNRA-RCAR|Principaux Indicateurs du Régime Complémentaire de Retraite|Principaux Indicateurs des Rentes des Accidents du Travail|Principaux Indicateurs des Rentes des Accidents de la Circulation|Principaux Indicateurs du Fonds de Retraite des Avocats du Maroc|Répartition par type des dossiers accidents du travail,Données ouvertes de la Caisse Nationale de Retraites et d’Assurances,"Caisse Nationale de Retraites et d Assurances. Category: retirement_pension. Aliases: CNRA, Caisse Nationale de Retraites et d Assurances. Domaines: retraite, pension, allocation, cotisation, Caisse Nationale de Retraites et d’Assurances. Requetes FR: retraite, pension, cotisation, allocations, regime de retraite. Related EN: retirement, pension, contributions, benefits, pension scheme. طلبات AR: التقاعد, المعاش, المساهمات, التعويضات, نظام التقاعد. Description source: Données ouvertes de la Caisse Nationale de Retraites et d’Assurances. Representative datasets: Adresses des Espaces Clientèle CNRA-RCAR; Principaux Indicateurs du Régime Complémentaire de Retraite; Principaux Indicateurs des Rentes des Accidents du Travail; Principaux Indicateurs des Rentes des Accidents de la Circulation; Principaux Indicateurs du Fonds de Retraite des Avocats du Maroc; Répartition par type des dossiers accidents du travail. Open data packages: 6.",6
Centre Régional d'Investissement Drâa Tafilalet (CRI),centre-regional-d-investissement-draa-tafilalet,Centre Régional d'Investissement Drâa Tafilalet (CRI),Centre Régional d'Investissement Drâa Tafilalet (CRI)|CRI,investment_regional,investissement|entreprise|territoire|developpement regional|Centre Régional d'Investissement Drâa Tafilalet (CRI),investissement|entreprise|incitation|projet|territoire|business regional,investment|business|incentives|project|regional development|enterprise,الاستثمار|المقاولة|التحفيز|المشاريع|التنمية الجهوية|الاعمال,Chiffres relatifs à l'investissement (en MAD) et à l'emploi dans la région de Drâa Tafilalet en 2021.,Données ouvertes du Centre Régional d'Investissement Drâa Tafilalet (CRI),"Centre Régional d'Investissement Drâa Tafilalet (CRI). Category: investment_regional. Aliases: Centre Régional d'Investissement Drâa Tafilalet (CRI), CRI. Domaines: investissement, entreprise, territoire, developpement regional, Centre Régional d'Investissement Drâa Tafilalet (CRI). Requetes FR: investissement, entreprise, incitation, projet, territoire, business regional. Related EN: investment, business, incentives, project, regional development, enterprise. طلبات AR: الاستثمار, المقاولة, التحفيز, المشاريع, التنمية الجهوية, الاعمال. Description source: Données ouvertes du Centre Régional d'Investissement Drâa Tafilalet (CRI). Representative datasets: Chiffres relatifs à l'investissement (en MAD) et à l'emploi dans la région de Drâa Tafilalet en 2021.. Open data packages: 1.",1
Centre Régional d'Investissement Souss Massa (CRI),centre-regional-d-investissement-souss-massa,Centre Régional d'Investissement Souss Massa (CRI),Centre Régional d'Investissement Souss Massa (CRI)|CRI,investment_regional,investissement|entreprise|territoire|developpement regional|Centre Régional d'Investissement Souss Massa (CRI),investissement|entreprise|incitation|projet|territoire|business regional,investment|business|incentives|project|regional development|enterprise,الاستثمار|المقاولة|التحفيز|المشاريع|التنمية الجهوية|الاعمال,Répartition de l'investissement et des emplois directs provisoires au titre de l'année 2021|Répartition de l'investissement et des emplois directs provisoires au titre de l'année 2020|Répartition des projets par secteur d'activité dans la région Souss-Massa (2022)|Répartition des projets par acte demandé dans la région Souss-Massa (2022),Données ouvertes du Centre Régional d'Investissement Souss Massa (CRI),"Centre Régional d'Investissement Souss Massa (CRI). Category: investment_regional. Aliases: Centre Régional d'Investissement Souss Massa (CRI), CRI. Domaines: investissement, entreprise, territoire, developpement regional, Centre Régional d'Investissement Souss Massa (CRI). Requetes FR: investissement, entreprise, incitation, projet, territoire, business regional. Related EN: investment, business, incentives, project, regional development, enterprise. طلبات AR: الاستثمار, المقاولة, التحفيز, المشاريع, التنمية الجهوية, الاعمال. Description source: Données ouvertes du Centre Régional d'Investissement Souss Massa (CRI). Representative datasets: Répartition de l'investissement et des emplois directs provisoires au titre de l'année 2021; Répartition de l'investissement et des emplois directs provisoires au titre de l'année 2020; Répartition des projets par secteur d'activité dans la région Souss-Massa (2022); Répartition des projets par acte demandé dans la région Souss-Massa (2022). Open data packages: 4.",4
"Chambre de Commerce, d’Industrie et de Services de la Région Marrakech – Safi (CCISRMS)",chambre-de-commerce-d-industrie-et-de-services-de-la-region-marrakech-safi-ccisrms,"Chambre de Commerce, d’Industrie et de Services de la Région Marrakech – Safi (CCISRMS)","Chambre de Commerce, d’Industrie et de Services de la Région Marrakech – Safi (CCISRMS)|CCISRMS",commerce_industry_regional,"commerce|industrie|services|entreprises regionales|Chambre de Commerce, d’Industrie et de Services de la Région Marrakech – Safi (CCISRMS)",commerce|industrie|services|entreprises|activite economique,commerce|industry|services|businesses|economic activity,التجارة|الصناعة|الخدمات|المقاولات|النشاط الاقتصادي,Guide du ressortissant|Plaquette institutionnelle de la CCISMS|Monographie socio-économique de la région Marrakech Safi|Panorama de la Région Marrakech Safi,"Données ouvertes de la Chambre de Commerce, d’Industrie et de Services de la Région Marrakech – Safi (CCISRMS)","Chambre de Commerce, d’Industrie et de Services de la Région Marrakech – Safi (CCISRMS). Category: commerce_industry_regional. Aliases: Chambre de Commerce, d’Industrie et de Services de la Région Marrakech – Safi (CCISRMS), CCISRMS. Domaines: commerce, industrie, services, entreprises regionales, Chambre de Commerce, d’Industrie et de Services de la Région Marrakech – Safi (CCISRMS). Requetes FR: commerce, industrie, services, entreprises, activite economique. Related EN: commerce, industry, services, businesses, economic activity. طلبات AR: التجارة, الصناعة, الخدمات, المقاولات, النشاط الاقتصادي. Description source: Données ouvertes de la Chambre de Commerce, d’Industrie et de Services de la Région Marrakech – Safi (CCISRMS). Representative datasets: Guide du ressortissant; Plaquette institutionnelle de la CCISMS; Monographie socio-économique de la région Marrakech Safi; Panorama de la Région Marrakech Safi. Open data packages: 4.",4
CMR,caisse-marocaine-des-retraites,Caisse Marocaine des Retraites,CMR|Caisse Marocaine des Retraites,retirement_pension,retraite|pension|allocation|cotisation|CMR,retraite|pension|cotisation|allocations|regime de retraite,retirement|pension|contributions|benefits|pension scheme,التقاعد|المعاش|المساهمات|التعويضات|نظام التقاعد,Régime des Pensions Civiles (2010-2022)|Répartition géographique des retraités par région (2022)|Répartition des retraités par niveau de pension (2022),Données ouvertes de la Caisse Marocaine des Retraites,"Caisse Marocaine des Retraites. Category: retirement_pension. Aliases: CMR, Caisse Marocaine des Retraites. Domaines: retraite, pension, allocation, cotisation, CMR. Requetes FR: retraite, pension, cotisation, allocations, regime de retraite. Related EN: retirement, pension, contributions, benefits, pension scheme. طلبات AR: التقاعد, المعاش, المساهمات, التعويضات, نظام التقاعد. Description source: Données ouvertes de la Caisse Marocaine des Retraites. Representative datasets: Régime des Pensions Civiles (2010-2022); Répartition géographique des retraités par région (2022); Répartition des retraités par niveau de pension (2022). Open data packages: 3.",3
CNOPS,caisse-nationale-des-organismes-de-prevoyance-sociale,Caisse Nationale des Organismes de Prevoyance Sociale,CNOPS|Caisse Nationale des Organismes de Prevoyance Sociale,social_protection,protection sociale|assurance maladie|prestations sociales|CNOPS,couverture sociale|assurance maladie|prestations|beneficiaires|securite sociale,social protection|health insurance|benefits|beneficiaries|social security,الحماية الاجتماعية|التامين الصحي|التعويضات|المستفيدون|الضمان الاجتماعي,Accouchement|Dialyse|Réferentiel des médicaments|Dispositifs médicaux admis au rembourssement|Assurance maladie obligatoire|Tarification des soins ou bien nomenclature Générale des Actes Professionnels,Données ouvertes de la Caisse Nationale des Organismes de Prévoyance Sociale,"Caisse Nationale des Organismes de Prevoyance Sociale. Category: social_protection. Aliases: CNOPS, Caisse Nationale des Organismes de Prevoyance Sociale. Domaines: protection sociale, assurance maladie, prestations sociales, CNOPS. Requetes FR: couverture sociale, assurance maladie, prestations, beneficiaires, securite sociale. Related EN: social protection, health insurance, benefits, beneficiaries, social security. طلبات AR: الحماية الاجتماعية, التامين الصحي, التعويضات, المستفيدون, الضمان الاجتماعي. Description source: Données ouvertes de la Caisse Nationale des Organismes de Prévoyance Sociale. Representative datasets: Accouchement; Dialyse; Réferentiel des médicaments; Dispositifs médicaux admis au rembourssement; Assurance maladie obligatoire; Tarification des soins ou bien nomenclature Générale des Actes Professionnels. Open data packages: 6.",6
CNSS,cnss,Caisse Nationale de Securite Sociale,CNSS|Caisse Nationale de Securite Sociale,social_protection,protection sociale|assurance maladie|prestations sociales|CNSS,couverture sociale|assurance maladie|prestations|beneficiaires|securite sociale,social protection|health insurance|benefits|beneficiaries|social security,الحماية الاجتماعية|التامين الصحي|التعويضات|المستفيدون|الضمان الاجتماعي,Prestations de services de la CNSS en 2021|Entreprises déclarantes auprès de la CNSS en 2022|Prestations de services de la CNSS en 2022|Récapitulatif des principaux indicateurs de l'activité CNSS 2021|Indicateurs sur les déclarations de salaires CNSS effectuées au titre de l'année 2020|Répartition de la masse salariale déclarée auprès de la CNSS en 2021|Répartition de la masse salariale déclarée auprès de la CNSS en 2022|Répartition du nombre des salariés déclarés en 2021|Répartition du nombre des entreprises déclarantes auprès de la CNSS en 2021|Nombre des salariés déclarés en 2022 auprès de la CNSS|Indicateur sur la répartition des affiliés CNSS par région - décembre 2021|Indicateur sur la répartition des affiliés CNSS par secteur d'activité - décembre 2021,Données ouvertes de la Caisse Nationale de Sécurité Sociale.,"Caisse Nationale de Securite Sociale. Category: social_protection. Aliases: CNSS, Caisse Nationale de Securite Sociale. Domaines: protection sociale, assurance maladie, prestations sociales, CNSS. Requetes FR: couverture sociale, assurance maladie, prestations, beneficiaires, securite sociale. Related EN: social protection, health insurance, benefits, beneficiaries, social security. طلبات AR: الحماية الاجتماعية, التامين الصحي, التعويضات, المستفيدون, الضمان الاجتماعي. Description source: Données ouvertes de la Caisse Nationale de Sécurité Sociale.. Representative datasets: Prestations de services de la CNSS en 2021; Entreprises déclarantes auprès de la CNSS en 2022; Prestations de services de la CNSS en 2022; Récapitulatif des principaux indicateurs de l'activité CNSS 2021; Indicateurs sur les déclarations de salaires CNSS effectuées au titre de l'année 2020; Répartition de la masse salariale déclarée auprès de la CNSS en 2021; Répartition de la masse salariale déclarée auprès de la CNSS en 2022; Répartition du nombre des salariés déclarés en 2021; Répartition du nombre des entreprises déclarantes auprès de la CNSS en 2021; Nombre des salariés déclarés en 2022 auprès de la CNSS; Indicateur sur la répartition des affiliés CNSS par région - décembre 2021; Indicateur sur la répartition des affiliés CNSS par secteur d'activité - décembre 2021. Open data packages: 12.",12
Commune Ait Melloul,commune-ait-melloul,Commune Ait Melloul,Commune Ait Melloul,local_government,collectivites territoriales|commune|services locaux|gouvernance locale|Commune Ait Melloul,commune|collectivite|budget local|services communaux|territoire,municipality|local government|local budget|municipal services|territory,الجماعات الترابية|البلدية|الميزانية المحلية|الخدمات الجماعية|التراب,Comptes spéciaux du budget 2026|Estimations des recettes – Budget de fonctionnement 2026|Estimations des dépenses – Budget de fonctionnement 2026|Les données financières de l'année 2024 – État des recettes du budget de fonctionnement|Les données financières de l'année 2024 – État des recettes des comptes spéciaux|Les données financières de l'année 2024 – État des recettes du budget d’équipement|Les données financières de l'année 2024 – État d’exécution des dépenses du budget de fonctionnement|Les données financières de l'année 2024 – État d’exécution des dépenses du budget d’équipement_|Les données financières de l'année 2024 – État d’exécution des dépenses des comptes spéciaux|Les données financières de l'année 2024 – État des dépenses des comptes spéciaux|Les données financières de l'année 2024 – Synthèse du résultat global des recettes|Les données financières de l'année 2024 – Synthèse du résultat global du budget 2024,Données ouvertes de la commune Ait Melloul,"Commune Ait Melloul. Category: local_government. Aliases: Commune Ait Melloul. Domaines: collectivites territoriales, commune, services locaux, gouvernance locale, Commune Ait Melloul. Requetes FR: commune, collectivite, budget local, services communaux, territoire. Related EN: municipality, local government, local budget, municipal services, territory. طلبات AR: الجماعات الترابية, البلدية, الميزانية المحلية, الخدمات الجماعية, التراب. Description source: Données ouvertes de la commune Ait Melloul. Representative datasets: Comptes spéciaux du budget 2026; Estimations des recettes – Budget de fonctionnement 2026; Estimations des dépenses – Budget de fonctionnement 2026; Les données financières de l'année 2024 – État des recettes du budget de fonctionnement; Les données financières de l'année 2024 – État des recettes des comptes spéciaux; Les données financières de l'année 2024 – État des recettes du budget d’équipement; Les données financières de l'année 2024 – État d’exécution des dépenses du budget de fonctionnement; Les données financières de l'année 2024 – État d’exécution des dépenses du budget d’équipement_; Les données financières de l'année 2024 – État d’exécution des dépenses des comptes spéciaux; Les données financières de l'année 2024 – État des dépenses des comptes spéciaux; Les données financières de l'année 2024 – Synthèse du résultat global des recettes; Les données financières de l'année 2024 – Synthèse du résultat global du budget 2024. Open data packages: 27.",27
Département de l'Agriculture,departement-de-l-agriculture,Département de l'Agriculture,Département de l'Agriculture,agriculture,agriculture|cultures|irrigation agricole|developpement rural|Département de l'Agriculture,agriculture|culture|irrigation|production agricole|rural|eaux et forets,agriculture|crops|irrigation|agricultural production|rural development|forestry,الفلاحة|المزروعات|السقي|الانتاج الفلاحي|التنمية القروية|المياه والغابات,Production végétale 2010-2022|Cheptel 2010-2021,"Données ouvertes du Ministère de l’Agriculture, de la Pêche Maritime, du Développement Rural et des Eaux et Forêts - Département de l'Agriculture.","Département de l'Agriculture. Category: agriculture. Aliases: Département de l'Agriculture. Domaines: agriculture, cultures, irrigation agricole, developpement rural, Département de l'Agriculture. Requetes FR: agriculture, culture, irrigation, production agricole, rural, eaux et forets. Related EN: agriculture, crops, irrigation, agricultural production, rural development, forestry. طلبات AR: الفلاحة, المزروعات, السقي, الانتاج الفلاحي, التنمية القروية, المياه والغابات. Description source: Données ouvertes du Ministère de l’Agriculture, de la Pêche Maritime, du Développement Rural et des Eaux et Forêts - Département de l'Agriculture.. Representative datasets: Production végétale 2010-2022; Cheptel 2010-2021. Open data packages: 2.",2
Département de la Pêche Maritime,departement-de-la-peche-maritime,Département de la Pêche Maritime,Département de la Pêche Maritime,agriculture,agriculture|cultures|irrigation agricole|developpement rural|Département de la Pêche Maritime,agriculture|culture|irrigation|production agricole|rural|eaux et forets,agriculture|crops|irrigation|agricultural production|rural development|forestry,الفلاحة|المزروعات|السقي|الانتاج الفلاحي|التنمية القروية|المياه والغابات,Mer en chiffres 2022 - Exportations des produits de la mer|Mer en chiffres 2022- Production halieutique|Mer en chiffres 2022 - Evénements de mer|Mer en chiffres 2022 - Gens de mer|Mer en chiffres 2022 - Formation|Rapport d’Activité du Département de la Pêche Maritime|Département de la pèche maritime - Mer en chiffres|Mer en chiffres 2022 - Industries de la pêche maritime|Mer en chiffres 2022- Flotte de pêche,"Données ouvertes du Ministère de l’Agriculture, de la Pêche Maritime, du Développement Rural et des Eaux et Forêts- Département de la Pêche Maritime.","Département de la Pêche Maritime. Category: agriculture. Aliases: Département de la Pêche Maritime. Domaines: agriculture, cultures, irrigation agricole, developpement rural, Département de la Pêche Maritime. Requetes FR: agriculture, culture, irrigation, production agricole, rural, eaux et forets. Related EN: agriculture, crops, irrigation, agricultural production, rural development, forestry. طلبات AR: الفلاحة, المزروعات, السقي, الانتاج الفلاحي, التنمية القروية, المياه والغابات. Description source: Données ouvertes du Ministère de l’Agriculture, de la Pêche Maritime, du Développement Rural et des Eaux et Forêts- Département de la Pêche Maritime.. Representative datasets: Mer en chiffres 2022 - Exportations des produits de la mer; Mer en chiffres 2022- Production halieutique; Mer en chiffres 2022 - Evénements de mer; Mer en chiffres 2022 - Gens de mer; Mer en chiffres 2022 - Formation; Rapport d’Activité du Département de la Pêche Maritime; Département de la pèche maritime - Mer en chiffres; Mer en chiffres 2022 - Industries de la pêche maritime; Mer en chiffres 2022- Flotte de pêche. Open data packages: 9.",9
Fondation Nationale des Musées,fondation-nationale-des-musees,Fondation Nationale des Musées,Fondation Nationale des Musées,museums_culture,musees|culture|patrimoine|collections|Fondation Nationale des Musées,musee|culture|patrimoine|oeuvres|collections,museum|culture|heritage|artworks|collections,المتاحف|الثقافة|التراث|الاعمال الفنية|المجموعات,Cartographie des musées au Maroc|Guide des musées du Maroc,Données ouvertes de la Fondation Nationale des Musées,"Fondation Nationale des Musées. Category: museums_culture. Aliases: Fondation Nationale des Musées. Domaines: musees, culture, patrimoine, collections, Fondation Nationale des Musées. Requetes FR: musee, culture, patrimoine, oeuvres, collections. Related EN: museum, culture, heritage, artworks, collections. طلبات AR: المتاحف, الثقافة, التراث, الاعمال الفنية, المجموعات. Description source: Données ouvertes de la Fondation Nationale des Musées. Representative datasets: Cartographie des musées au Maroc; Guide des musées du Maroc. Open data packages: 2.",2
HCP,haut-commissariat-au-plan,Haut Commissariat au Plan,HCP|Haut Commissariat au Plan|High Commission for Planning,statistics_demography,statistiques|demographie|recensement|indicateurs|HCP,statistiques|population|emploi|enquete|recensement|indicateurs,statistics|population|employment|survey|census|indicators,الاحصاء|السكان|التشغيل|الاستبيانات|الاحصاء العام|المؤشرات,Valeur ajoutée aux prix constants (Annuelle Base 2007)|Valeurs ajoutées à prix courants (Annuelle Base 2014)|Valeur Ajoutée aux prix courants (Annuelle Base 2007)|Taux brut d'activité|Type de chômage (Trimestriel)|Variation de stocks aux prix courants (Annuelle Base 2007)|Variation de stocks aux prix consants (Annuelle Base 2007)|Décomposition du PIB aux prix courants (Trimestrielle Base 2014)|Effectif des chômeurs|Taux d'emploi des 15 ans et plus|Exportations de biens et services aux prix constants (Annuelle Base 2007)|Exportations de biens et services aux prix courants (Annuelle Base 2007),Données ouvertes du Haut Commissariat au Plan,"Haut Commissariat au Plan. Category: statistics_demography. Aliases: HCP, Haut Commissariat au Plan, High Commission for Planning. Domaines: statistiques, demographie, recensement, indicateurs, HCP. Requetes FR: statistiques, population, emploi, enquete, recensement, indicateurs. Related EN: statistics, population, employment, survey, census, indicators. طلبات AR: الاحصاء, السكان, التشغيل, الاستبيانات, الاحصاء العام, المؤشرات. Description source: Données ouvertes du Haut Commissariat au Plan. Representative datasets: Valeur ajoutée aux prix constants (Annuelle Base 2007); Valeurs ajoutées à prix courants (Annuelle Base 2014); Valeur Ajoutée aux prix courants (Annuelle Base 2007); Taux brut d'activité; Type de chômage (Trimestriel); Variation de stocks aux prix courants (Annuelle Base 2007); Variation de stocks aux prix consants (Annuelle Base 2007); Décomposition du PIB aux prix courants (Trimestrielle Base 2014); Effectif des chômeurs; Taux d'emploi des 15 ans et plus; Exportations de biens et services aux prix constants (Annuelle Base 2007); Exportations de biens et services aux prix courants (Annuelle Base 2007). Open data packages: 79.",79
IMANOR,imanor,Institut Marocain de Normalisation,IMANOR|Institut Marocain de Normalisation,standards_quality,normes|qualite|certification|standards|IMANOR,normes|standardisation|qualite|certification|conformite,standards|standardization|quality|certification|compliance,المعايير|التقييس|الجودة|الشهادة|المطابقة,Guide du Développement Durable dans la Construction|Guide de prescription d’exigences d’application des normes dans les marchés publics|Guide de Conformité aux Normes dans les Achats Publics|Catalogue des Normes Marocaines 2023|Liste des commissions techniques de normalisation,Données ouvertes de l'Institut Marocain de Normalisation.,"Institut Marocain de Normalisation. Category: standards_quality. Aliases: IMANOR, Institut Marocain de Normalisation. Domaines: normes, qualite, certification, standards, IMANOR. Requetes FR: normes, standardisation, qualite, certification, conformite. Related EN: standards, standardization, quality, certification, compliance. طلبات AR: المعايير, التقييس, الجودة, الشهادة, المطابقة. Description source: Données ouvertes de l'Institut Marocain de Normalisation.. Representative datasets: Guide du Développement Durable dans la Construction; Guide de prescription d’exigences d’application des normes dans les marchés publics; Guide de Conformité aux Normes dans les Achats Publics; Catalogue des Normes Marocaines 2023; Liste des commissions techniques de normalisation. Open data packages: 5.",5
INPPLC,l-instance-nationale-de-la-probite-de-la-prevention-et-de-la-lutte-contre-la-corruption,"Instance Nationale de la Probite, de la Prevention et de la Lutte contre la Corruption",INPPLC|Instance Nationale de la Probite|Anti-Corruption Authority,anti_corruption_governance,probite|corruption|integrite|gouvernance|INPPLC,corruption|integrite|transparence|probite|gouvernance,corruption|integrity|transparency|probity|governance,الفساد|النزاهة|الشفافية|الحكامة|الاستقامة,Indice de Transformation de Bertelsmann (BTI) (2006- 2024)|Indices de Corruption V-DEM (2000 - 2023)|Plaintes et dénonciations relatives à la corruption|Indice Ibrahim de la Gouvernance en Afrique (2012- 2023)|Indice de Perception de la Corruption (IPC) (2012- 2024)|Indice de la Démocratie (DI) (2006- 2024)|Indice de l'État de Droit (WJP) (2012- 2024)|lndicateur de contrôle de la corruption WGI de contrôle de la corruption (1996 - 2023)|Indice Basel de Lutte contre le Blanchiment d'Argent (AML) (2012- 2024)|Classement du Maroc dans les principaux indicateurs statistiques sur la corruption|TRACE Bribery Risk Matrix (TBR) (2014 - 2024)|Indice sur la Transparence Budgétaire (OBI) (2006 - 2023),"Données ouvertes de l’Instance Nationale de la Probité, de la Prévention et de la Lutte contre la Corruption","Instance Nationale de la Probite, de la Prevention et de la Lutte contre la Corruption. Category: anti_corruption_governance. Aliases: INPPLC, Instance Nationale de la Probite, Anti-Corruption Authority. Domaines: probite, corruption, integrite, gouvernance, INPPLC. Requetes FR: corruption, integrite, transparence, probite, gouvernance. Related EN: corruption, integrity, transparency, probity, governance. طلبات AR: الفساد, النزاهة, الشفافية, الحكامة, الاستقامة. Description source: Données ouvertes de l’Instance Nationale de la Probité, de la Prévention et de la Lutte contre la Corruption. Representative datasets: Indice de Transformation de Bertelsmann (BTI) (2006- 2024); Indices de Corruption V-DEM (2000 - 2023); Plaintes et dénonciations relatives à la corruption; Indice Ibrahim de la Gouvernance en Afrique (2012- 2023); Indice de Perception de la Corruption (IPC) (2012- 2024); Indice de la Démocratie (DI) (2006- 2024); Indice de l'État de Droit (WJP) (2012- 2024); lndicateur de contrôle de la corruption WGI de contrôle de la corruption (1996 - 2023); Indice Basel de Lutte contre le Blanchiment d'Argent (AML) (2012- 2024); Classement du Maroc dans les principaux indicateurs statistiques sur la corruption; TRACE Bribery Risk Matrix (TBR) (2014 - 2024); Indice sur la Transparence Budgétaire (OBI) (2006 - 2023). Open data packages: 15.",15
Les Collectivités Territoriales,les-collectivites-territoriales,Les Collectivités Territoriales,Les Collectivités Territoriales,local_government,collectivites territoriales|commune|services locaux|gouvernance locale|Les Collectivités Territoriales,commune|collectivite|budget local|services communaux|territoire,municipality|local government|local budget|municipal services|territory,الجماعات الترابية|البلدية|الميزانية المحلية|الخدمات الجماعية|التراب,Liste des lois et règlements|Liste des guides et manuels|Réclamations traitées par les collectivités territoriales sur la plateforme Chikaya|Demandes traitées par les collectivités territoriales sur la plateforme Watiqa,Données ouvertes des Collectivités Territoriales,"Les Collectivités Territoriales. Category: local_government. Aliases: Les Collectivités Territoriales. Domaines: collectivites territoriales, commune, services locaux, gouvernance locale, Les Collectivités Territoriales. Requetes FR: commune, collectivite, budget local, services communaux, territoire. Related EN: municipality, local government, local budget, municipal services, territory. طلبات AR: الجماعات الترابية, البلدية, الميزانية المحلية, الخدمات الجماعية, التراب. Description source: Données ouvertes des Collectivités Territoriales. Representative datasets: Liste des lois et règlements; Liste des guides et manuels; Réclamations traitées par les collectivités territoriales sur la plateforme Chikaya; Demandes traitées par les collectivités territoriales sur la plateforme Watiqa. Open data packages: 4.",4
MAECAMRE,ministere-des-affaires-etrangeres-et-de-la-cooperation,"Ministere des Affaires Etrangeres, de la Cooperation Africaine et des Marocains Resident a l Etranger",MAECAMRE|Ministere des Affaires Etrangeres|Foreign Affairs Ministry,foreign_affairs,affaires etrangeres|cooperation africaine|marocains du monde|diplomatie|MAECAMRE,diplomatie|etranger|consulaire|marocains residant a l etranger|cooperation,foreign affairs|diplomacy|consular|diaspora|international cooperation,الشؤون الخارجية|الدبلوماسية|القنصلي|مغاربة العالم|التعاون الدولي,Réseau diplomatique et consulaire du Maroc à l'étranger|Corps diplomatique et consulaire accrédité au Maroc,"Données ouvertes des Affaires Etrangères, de la Coopération Africaine et des Marocains Résidant à l'Etranger.","Ministere des Affaires Etrangeres, de la Cooperation Africaine et des Marocains Resident a l Etranger. Category: foreign_affairs. Aliases: MAECAMRE, Ministere des Affaires Etrangeres, Foreign Affairs Ministry. Domaines: affaires etrangeres, cooperation africaine, marocains du monde, diplomatie, MAECAMRE. Requetes FR: diplomatie, etranger, consulaire, marocains residant a l etranger, cooperation. Related EN: foreign affairs, diplomacy, consular, diaspora, international cooperation. طلبات AR: الشؤون الخارجية, الدبلوماسية, القنصلي, مغاربة العالم, التعاون الدولي. Description source: Données ouvertes des Affaires Etrangères, de la Coopération Africaine et des Marocains Résidant à l'Etranger.. Representative datasets: Réseau diplomatique et consulaire du Maroc à l'étranger; Corps diplomatique et consulaire accrédité au Maroc. Open data packages: 2.",2
MATNUHPV,matnuhpv,"Ministere de l Amenagement du Territoire National, de l Urbanisme, de l Habitat et de la Politique de la Ville",MATNUHPV|Ministere de l Urbanisme et de l Habitat,housing_urban_policy,amenagement du territoire|urbanisme|habitat|politique de la ville|MATNUHPV,urbanisme|habitat|ville|amenagement|logement|territoire,urban development|housing|city policy|land planning|territory,اعداد التراب|التعمير|السكن|سياسة المدينة|التهيئة|المجال,Guide chauffe eau solaire|Guide auto-construction|Guide d'application des règles d'accessibilité|Evolution de la consommation du ciment|Textes juridiques du secteur de l'habitat|Prix et indices des matériaux de construction - région Tanger-Tétouan-Al Hoceima 2005-2022|Prix et indices des matériaux de construction - région Laâyoune-Sakia el Hamra 2005-2022|Prix et indices des matériaux de construction - région Rabat-Salé-Kenitra 2005-2022|Prix et indices des matériaux de construction - région Souss-Massa 2005-2022|Prix et indices des matériaux de construction - région Casablanca-Settat2005-2022|Prix et indices des matériaux de construction - région Darâa-Tafilalet 2005-2022|Prix et indices des matériaux de construction - région Marrakech-Safi 2005-2022,"Données ouvertes du Ministère de l'Aménagement du Territoire National, de l'Urbanisme, de l'Habitat et de la Politique de la Ville","Ministere de l Amenagement du Territoire National, de l Urbanisme, de l Habitat et de la Politique de la Ville. Category: housing_urban_policy. Aliases: MATNUHPV, Ministere de l Urbanisme et de l Habitat. Domaines: amenagement du territoire, urbanisme, habitat, politique de la ville, MATNUHPV. Requetes FR: urbanisme, habitat, ville, amenagement, logement, territoire. Related EN: urban development, housing, city policy, land planning, territory. طلبات AR: اعداد التراب, التعمير, السكن, سياسة المدينة, التهيئة, المجال. Description source: Données ouvertes du Ministère de l'Aménagement du Territoire National, de l'Urbanisme, de l'Habitat et de la Politique de la Ville. Representative datasets: Guide chauffe eau solaire; Guide auto-construction; Guide d'application des règles d'accessibilité; Evolution de la consommation du ciment; Textes juridiques du secteur de l'habitat; Prix et indices des matériaux de construction - région Tanger-Tétouan-Al Hoceima 2005-2022; Prix et indices des matériaux de construction - région Laâyoune-Sakia el Hamra 2005-2022; Prix et indices des matériaux de construction - région Rabat-Salé-Kenitra 2005-2022; Prix et indices des matériaux de construction - région Souss-Massa 2005-2022; Prix et indices des matériaux de construction - région Casablanca-Settat2005-2022; Prix et indices des matériaux de construction - région Darâa-Tafilalet 2005-2022; Prix et indices des matériaux de construction - région Marrakech-Safi 2005-2022. Open data packages: 61.",61
MEF,ministere-de-l-economie-et-des-finances,Ministere de l Economie et des Finances,MEF|Ministere de l Economie et des Finances|Ministry of Economy and Finance,public_finance,economie|finances|budget|fiscalite|MEF|balance des paiements|echanges exterieurs|commerce exterieur|comptes exterieurs,budget|finances|economie|fiscalite|depenses publiques|recettes|balance des paiements|balance de paiements|balance de paiments|echanges exterieurs|commerce exterieur|balance commerciale|compte courant|environnement international|investissement exterieur,budget|finance|economy|tax|public spending|revenue|balance of payments|external trade|external accounts|current account|international environment,الميزانية|المالية|الاقتصاد|الضرائب|النفقات العمومية|المداخيل|ميزان المدفوعات|التجارة الخارجية|المبادلات الخارجية|الحساب الجاري|البيئة الدولية,"Télécommunications|Activités sectorielles -Télécommunications|Activités sectorielles -Transports|Activités sectorielles -Tourisme|Activités sectorielles -Assurances|PIB au prix courant 2011|Dette|Dette publique 2011|Équilibre ressources-emplois en volume (en %) 2010-2020|Activités sectorielles -Bâtiment et travaux publics|Activités sectorielles -Energie et eau|Activité, emploi et chômage",Données ouvertes du Ministère de l'Economie et des Finances.,"Ministere de l Economie et des Finances. Category: public_finance. Aliases: MEF, Ministere de l Economie et des Finances, Ministry of Economy and Finance. Domaines: economie, finances, budget, fiscalite, MEF. Requetes FR: budget, finances, economie, fiscalite, depenses publiques, recettes. Related EN: budget, finance, economy, tax, public spending, revenue. طلبات AR: الميزانية, المالية, الاقتصاد, الضرائب, النفقات العمومية, المداخيل. Description source: Données ouvertes du Ministère de l'Economie et des Finances.. Representative datasets: Télécommunications; Activités sectorielles -Télécommunications; Activités sectorielles -Transports; Activités sectorielles -Tourisme; Activités sectorielles -Assurances; PIB au prix courant 2011; Dette; Dette publique 2011; Équilibre ressources-emplois en volume (en %) 2010-2020; Activités sectorielles -Bâtiment et travaux publics; Activités sectorielles -Energie et eau; Activité, emploi et chômage. Open data packages: 75. Targeted domains: balance des paiements, echanges exterieurs, commerce exterieur, comptes exterieurs. Targeted FR terms: balance des paiements, balance de paiements, balance de paiments, echanges exterieurs, commerce exterieur, balance commerciale, compte courant, environnement international, investissement exterieur. Targeted EN terms: balance of payments, external trade, external accounts, current account, international environment. Targeted AR terms: ميزان المدفوعات, التجارة الخارجية, المبادلات الخارجية, الحساب الجاري, البيئة الدولية.",75
MENPS,ministere-de-l-education-nationale-et-de-la-formation-professionnelle,"Ministere de l Education Nationale, du Prescolaire et des Sports",MENPS|Ministere de l Education Nationale|Education Ministry,education_sports,education|prescolaire|ecoles|sports|MENPS,education|ecole|eleves|prescolaire|sport|etablissements,education|schools|students|preschool|sports|institutions,التعليم|المدارس|التلاميذ|التعليم الاولي|الرياضة|المؤسسات,Liste des établissements scolaires publics|Liste des établissements publics de l'enseignement primaire (2013 - 2014)|Liste des établissements publics de l'enseignement collégial (2013 - 2014)|Liste des établissements privés|Liste des établissements publics de l'enseignement qualifiant (2013 - 2014)|Liste des établissements publics BTS (2013 - 2014)|Liste des établissements publics CPGE (2013 - 2014)|Liste des établissements publics de l'enseignement collégial - 2023|Liste des établissements publics qualifiants - 2023|Liste des établissements publics primaires - 2023|Liste des établissements privés 2023,"Données ouvertes du Ministère de l’Education Nationale, du Préscolaire et des Sports.","Ministere de l Education Nationale, du Prescolaire et des Sports. Category: education_sports. Aliases: MENPS, Ministere de l Education Nationale, Education Ministry. Domaines: education, prescolaire, ecoles, sports, MENPS. Requetes FR: education, ecole, eleves, prescolaire, sport, etablissements. Related EN: education, schools, students, preschool, sports, institutions. طلبات AR: التعليم, المدارس, التلاميذ, التعليم الاولي, الرياضة, المؤسسات. Description source: Données ouvertes du Ministère de l’Education Nationale, du Préscolaire et des Sports.. Representative datasets: Liste des établissements scolaires publics; Liste des établissements publics de l'enseignement primaire (2013 - 2014); Liste des établissements publics de l'enseignement collégial (2013 - 2014); Liste des établissements privés; Liste des établissements publics de l'enseignement qualifiant (2013 - 2014); Liste des établissements publics BTS (2013 - 2014); Liste des établissements publics CPGE (2013 - 2014); Liste des établissements publics de l'enseignement collégial - 2023; Liste des établissements publics qualifiants - 2023; Liste des établissements publics primaires - 2023; Liste des établissements privés 2023. Open data packages: 12.",12
MESRSI,ministere-de-l-enseignement-superieur-de-la-recherche-scientifique-et-de-la-formation-des-cadres,"Ministere de l Enseignement Superieur, de la Recherche Scientifique et de l Innovation",MESRSI|Ministere de l Enseignement Superieur|Higher Education Ministry,higher_education_research,enseignement superieur|universite|recherche|innovation|MESRSI,universite|recherche|doctorat|innovation|enseignement superieur,higher education|university|research|doctoral studies|innovation,التعليم العالي|الجامعة|البحث العلمي|الدكتوراه|الابتكار,Etablissements de formation des cadres-Formation scientifique et technique 2014|Etablissements de formation des cadres-Formation économique juridique administrative et sociale 2014|Universités Marocaines 2014|Etablissements de l'enseignement supérieur universitaire public ouverts au titre de l'année 2024-2025|Etablissements de formation des cadres-Formation pédagogique 2014,"Données ouvertes du Ministère de l’Enseignement Supérieur, de la Recherche Scientifique et de l’Innovation.","Ministere de l Enseignement Superieur, de la Recherche Scientifique et de l Innovation. Category: higher_education_research. Aliases: MESRSI, Ministere de l Enseignement Superieur, Higher Education Ministry. Domaines: enseignement superieur, universite, recherche, innovation, MESRSI. Requetes FR: universite, recherche, doctorat, innovation, enseignement superieur. Related EN: higher education, university, research, doctoral studies, innovation. طلبات AR: التعليم العالي, الجامعة, البحث العلمي, الدكتوراه, الابتكار. Description source: Données ouvertes du Ministère de l’Enseignement Supérieur, de la Recherche Scientifique et de l’Innovation.. Representative datasets: Etablissements de formation des cadres-Formation scientifique et technique 2014; Etablissements de formation des cadres-Formation économique juridique administrative et sociale 2014; Universités Marocaines 2014; Etablissements de l'enseignement supérieur universitaire public ouverts au titre de l'année 2024-2025; Etablissements de formation des cadres-Formation pédagogique 2014. Open data packages: 5.",5
MIC,ministere-de-l-industrie-du-commerce-de-l-investissement-et-de-l-economie-numerique,Ministere de l Industrie et du Commerce,MIC|Ministere de l Industrie et du Commerce|Industry and Trade Ministry,industry_trade,industrie|commerce|entreprise|export|MIC,industrie|commerce|usines|export|import|production,industry|commerce|factories|export|import|production,الصناعة|التجارة|المصانع|التصدير|الاستيراد|الانتاج,Cadre juridique et réglementaire eGov|Rapport sur le cadre juridique des documents commerciaux sur support électronique|Liste des centres techniques au Maroc|Industrie selon les régions - L'observatoire Marocain de l'industrie|Industrie en graphes - L'observatoire Marocain de l'industrie|Liste des e-services opérationnels eGov|Liens vers les services eGov opérationnels|Liste des communes où le service watiqa.ma est disponible|Liste des prestataires référencés par l’ANPME et la liste des experts scientifiques du CNRST|Statistiques du FSI et les références des projets soutenus par ce fonds,Données ouvertes du Ministère de l’Industrie et du Commerce.,"Ministere de l Industrie et du Commerce. Category: industry_trade. Aliases: MIC, Ministere de l Industrie et du Commerce, Industry and Trade Ministry. Domaines: industrie, commerce, entreprise, export, MIC. Requetes FR: industrie, commerce, usines, export, import, production. Related EN: industry, commerce, factories, export, import, production. طلبات AR: الصناعة, التجارة, المصانع, التصدير, الاستيراد, الانتاج. Description source: Données ouvertes du Ministère de l’Industrie et du Commerce.. Representative datasets: Cadre juridique et réglementaire eGov; Rapport sur le cadre juridique des documents commerciaux sur support électronique; Liste des centres techniques au Maroc; Industrie selon les régions - L'observatoire Marocain de l'industrie; Industrie en graphes - L'observatoire Marocain de l'industrie; Liste des e-services opérationnels eGov; Liens vers les services eGov opérationnels; Liste des communes où le service watiqa.ma est disponible; Liste des prestataires référencés par l’ANPME et la liste des experts scientifiques du CNRST; Statistiques du FSI et les références des projets soutenus par ce fonds. Open data packages: 10.",10
MIEPEEC,ministere-de-l-emploi-et-des-affaires-sociales,"Ministere de l Inclusion Economique, de la Petite Entreprise, de l Emploi et des Competences",MIEPEEC|Ministere de l Emploi et des Competences|Employment Ministry,employment_skills_inclusion,emploi|competences|inclusion economique|petite entreprise|MIEPEEC,emploi|competences|formation|petite entreprise|inclusion economique,employment|skills|training|small business|economic inclusion,التشغيل|المهارات|التكوين|المقاولة الصغيرة|الادماج الاقتصادي,Indicateurs régionaux d'emploi|Indicateurs du domaine du Travail|Indicateurs du domaine de l'emploi|Indicateurs de protection sociale de l'emploi|Indicateurs des mesures de l'emploi,"Données ouvertes du Ministère de l’Inclusion Economique, de la Petite Entreprise, de l’Emploi et des Compétences.","Ministere de l Inclusion Economique, de la Petite Entreprise, de l Emploi et des Competences. Category: employment_skills_inclusion. Aliases: MIEPEEC, Ministere de l Emploi et des Competences, Employment Ministry. Domaines: emploi, competences, inclusion economique, petite entreprise, MIEPEEC. Requetes FR: emploi, competences, formation, petite entreprise, inclusion economique. Related EN: employment, skills, training, small business, economic inclusion. طلبات AR: التشغيل, المهارات, التكوين, المقاولة الصغيرة, الادماج الاقتصادي. Description source: Données ouvertes du Ministère de l’Inclusion Economique, de la Petite Entreprise, de l’Emploi et des Compétences.. Representative datasets: Indicateurs régionaux d'emploi; Indicateurs du domaine du Travail; Indicateurs du domaine de l'emploi; Indicateurs de protection sociale de l'emploi; Indicateurs des mesures de l'emploi. Open data packages: 5.",5
Ministère de l'Equipement et de l'Eau,ministere-de-l-equipement-et-de-l-eau,Ministère de l'Equipement et de l'Eau,Ministère de l'Equipement et de l'Eau,infrastructure_water,equipement|infrastructures|routes|eau|Ministère de l'Equipement et de l'Eau,equipement|routes|ponts|infrastructures|eau|travaux publics,infrastructure|roads|bridges|water|public works|equipment,التجهيز|الطرق|القناطر|البنيات التحتية|الماء|الاشغال العمومية,Liste des phares au Royaume du Maroc|Liste des ports au Royaume du Maroc,Données ouvertes du Ministère de l'Equipement et de l'Eau,"Ministère de l'Equipement et de l'Eau. Category: infrastructure_water. Aliases: Ministère de l'Equipement et de l'Eau. Domaines: equipement, infrastructures, routes, eau, Ministère de l'Equipement et de l'Eau. Requetes FR: equipement, routes, ponts, infrastructures, eau, travaux publics. Related EN: infrastructure, roads, bridges, water, public works, equipment. طلبات AR: التجهيز, الطرق, القناطر, البنيات التحتية, الماء, الاشغال العمومية. Description source: Données ouvertes du Ministère de l'Equipement et de l'Eau. Representative datasets: Liste des phares au Royaume du Maroc; Liste des ports au Royaume du Maroc. Open data packages: 2.",2
MJ,ministere-de-la-justice-et-des-libertes,Ministere de la Justice,MJ|Ministere de la Justice|Ministry of Justice|Mahakim,justice,justice|tribunaux|judiciaire|decisions de justice|MJ,justice|tribunal|jugement|decision judiciaire|mahakim|proces,justice|court|judgment|court decision|mahakim|trial,العدالة|المحاكم|الاحكام|القرارات القضائية|محاكم|القضايا,Activité détaillée des Cours d'appel 2021|Activité détaillée des Cours d'appel 2022|Activité détaillée des tribunaux de commerce|Activité détaillée des Cours d'appel de commerce|Activité détaillée des tribunaux administratifs|Activité détaillée des Cours d'appel|Activité détaillée des tribunaux d'appel administratifs|Activité détaillée du tribunal de commerce de Casablanca en 2021|Activité détaillée du tribunal de commerce d'Agadir en 2021|Activité détaillée des tribunaux de commerce en 2021|Activité détaillée des Cours d'appel de commerce en 2021|Activité détaillée du tribunal de commerce de Tanger en 2021,Données ouvertes du Ministère de la Justice.,"Ministere de la Justice. Category: justice. Aliases: MJ, Ministere de la Justice, Ministry of Justice, Mahakim. Domaines: justice, tribunaux, judiciaire, decisions de justice, MJ. Requetes FR: justice, tribunal, jugement, decision judiciaire, mahakim, proces. Related EN: justice, court, judgment, court decision, mahakim, trial. طلبات AR: العدالة, المحاكم, الاحكام, القرارات القضائية, محاكم, القضايا. Description source: Données ouvertes du Ministère de la Justice.. Representative datasets: Activité détaillée des Cours d'appel 2021; Activité détaillée des Cours d'appel 2022; Activité détaillée des tribunaux de commerce; Activité détaillée des Cours d'appel de commerce; Activité détaillée des tribunaux administratifs; Activité détaillée des Cours d'appel; Activité détaillée des tribunaux d'appel administratifs; Activité détaillée du tribunal de commerce de Casablanca en 2021; Activité détaillée du tribunal de commerce d'Agadir en 2021; Activité détaillée des tribunaux de commerce en 2021; Activité détaillée des Cours d'appel de commerce en 2021; Activité détaillée du tribunal de commerce de Tanger en 2021. Open data packages: 84.",84
MJCC,mjcc,"Ministere de la Jeunesse, de la Culture et de la Communication","MJCC|Ministere de la Jeunesse, de la Culture et de la Communication",culture_youth_communication,jeunesse|culture|communication|medias|MJCC,jeunesse|culture|communication|medias|activites culturelles,youth|culture|communication|media|cultural activities,الشباب|الثقافة|التواصل|الاعلام|الانشطة الثقافية,Sites archéologiques et bâtiments historiques de la région Rabat-Salé-Kénitra (décembre 2021)|Sites archéologiques et bâtiments historiques de la région Tanger-Tétouan-El Hoceima (décembre 2021)|Sites archéologiques et bâtiments historiques de la région Casablanca-Settat (décembre 2021)|Sites archéologiques et bâtiments historiques de la région Drâa-Tafilalet (décembre 2021)|Réseau des centres socio-sportifs à proximité de la région de Rabat-Salé-Kénitra|Réseau des centres socio-sportifs à proximité de la région de Casablanca-Settat|Réseau des centres socio-sportifs à proximité de la région de Drâa-Tafilalet|Réseau des centres socio-sportifs à proximité de la région de Tanger-Tétouan-Al Hoceima|Programmes destinés aux jeunes pour la saison 2024|Réseau des centres socio-sportifs à proximité de la région de Laâyoune-Sakia el Hamra|Récapitulatif sur les centres socio-sportifs de proximité|Centres camping et centres d’accueil avec leurs capacité,"Données ouvertes du Ministère de la Jeunesse, de la Culture et de la Communication.","Ministere de la Jeunesse, de la Culture et de la Communication. Category: culture_youth_communication. Aliases: MJCC, Ministere de la Jeunesse, de la Culture et de la Communication. Domaines: jeunesse, culture, communication, medias, MJCC. Requetes FR: jeunesse, culture, communication, medias, activites culturelles. Related EN: youth, culture, communication, media, cultural activities. طلبات AR: الشباب, الثقافة, التواصل, الاعلام, الانشطة الثقافية. Description source: Données ouvertes du Ministère de la Jeunesse, de la Culture et de la Communication.. Representative datasets: Sites archéologiques et bâtiments historiques de la région Rabat-Salé-Kénitra (décembre 2021); Sites archéologiques et bâtiments historiques de la région Tanger-Tétouan-El Hoceima (décembre 2021); Sites archéologiques et bâtiments historiques de la région Casablanca-Settat (décembre 2021); Sites archéologiques et bâtiments historiques de la région Drâa-Tafilalet (décembre 2021); Réseau des centres socio-sportifs à proximité de la région de Rabat-Salé-Kénitra; Réseau des centres socio-sportifs à proximité de la région de Casablanca-Settat; Réseau des centres socio-sportifs à proximité de la région de Drâa-Tafilalet; Réseau des centres socio-sportifs à proximité de la région de Tanger-Tétouan-Al Hoceima; Programmes destinés aux jeunes pour la saison 2024; Réseau des centres socio-sportifs à proximité de la région de Laâyoune-Sakia el Hamra; Récapitulatif sur les centres socio-sportifs de proximité; Centres camping et centres d’accueil avec leurs capacité. Open data packages: 41.",41
"MSISF : Ministère de la Solidarité, de l'Insertion Sociale et de la Famille",ministere-de-la-solidarite-de-l-insertion-sociale-et-de-la-famille-msisf,"Ministere de la Solidarite, de l Insertion Sociale et de la Famille","MSISF|Ministere de la Solidarite, de l Insertion Sociale et de la Famille",solidarity_family,"solidarite|insertion sociale|famille|protection des personnes vulnerables|MSISF : Ministère de la Solidarité, de l'Insertion Sociale et de la Famille",solidarite|famille|insertion sociale|handicap|protection sociale,solidarity|family|social inclusion|disability|social support,التضامن|الاسرة|الادماج الاجتماعي|الاعاقة|الدعم الاجتماعي,Liste des centres d'accompagnement et de protection de l'enfance|Liste des unités de protection de l'enfance réparties selon la région et la province|Liste des établissements multifonctionnels des femmes répartis selon la région et la province|Liste des centres d’Orientation et d’Assistance des Personnes en Situation de Handicap (COAPH),"Données ouvertes du Ministère de la Solidarité, de l'Insertion Sociale et de la Famille","Ministere de la Solidarite, de l Insertion Sociale et de la Famille. Category: solidarity_family. Aliases: MSISF, Ministere de la Solidarite, de l Insertion Sociale et de la Famille. Domaines: solidarite, insertion sociale, famille, protection des personnes vulnerables, MSISF : Ministère de la Solidarité, de l'Insertion Sociale et de la Famille. Requetes FR: solidarite, famille, insertion sociale, handicap, protection sociale. Related EN: solidarity, family, social inclusion, disability, social support. طلبات AR: التضامن, الاسرة, الادماج الاجتماعي, الاعاقة, الدعم الاجتماعي. Description source: Données ouvertes du Ministère de la Solidarité, de l'Insertion Sociale et de la Famille. Representative datasets: Liste des centres d'accompagnement et de protection de l'enfance; Liste des unités de protection de l'enfance réparties selon la région et la province; Liste des établissements multifonctionnels des femmes répartis selon la région et la province; Liste des centres d’Orientation et d’Assistance des Personnes en Situation de Handicap (COAPH). Open data packages: 4.",4
MSPS,ministere-de-la-sante,Ministere de la Sante et de la Protection Sociale,MSPS|Ministere de la Sante et de la Protection Sociale|Health Ministry,health_social_protection,sante|hopitaux|protection sociale|systeme de sante|MSPS,sante|hopital|medecin|soins|protection sociale|maladie,health|hospital|doctor|care|social protection|disease,الصحة|المستشفى|الاطباء|العلاج|الحماية الاجتماعية|المرض,Infrastructures de santé du secteur privé|Liste des centres de santé 2011|Liste des agences CNSS|La liste des hôpitaux|Données sur l'offre de soins privées|Offres de soins privées|Liste nominative des établissements hospitaliers par catégorie - 2020|Répartition des Etablissements de soins de santé primaire par catégorie,Données ouvertes du Ministère de la Santé et de la Protection Sociale,"Ministere de la Sante et de la Protection Sociale. Category: health_social_protection. Aliases: MSPS, Ministere de la Sante et de la Protection Sociale, Health Ministry. Domaines: sante, hopitaux, protection sociale, systeme de sante, MSPS. Requetes FR: sante, hopital, medecin, soins, protection sociale, maladie. Related EN: health, hospital, doctor, care, social protection, disease. طلبات AR: الصحة, المستشفى, الاطباء, العلاج, الحماية الاجتماعية, المرض. Description source: Données ouvertes du Ministère de la Santé et de la Protection Sociale. Representative datasets: Infrastructures de santé du secteur privé; Liste des centres de santé 2011; Liste des agences CNSS; La liste des hôpitaux; Données sur l'offre de soins privées; Offres de soins privées; Liste nominative des établissements hospitaliers par catégorie - 2020; Répartition des Etablissements de soins de santé primaire par catégorie. Open data packages: 8.",8
MTAESS,ministere-du-tourisme,"Ministere du Tourisme, de l Artisanat, et de l Economie Sociale et Solidaire",MTAESS|Ministere du Tourisme et de l Artisanat,tourism_craft_social_economy,tourisme|artisanat|economie sociale et solidaire|MTAESS,tourisme|artisanat|cooperatives|economie sociale|voyage,tourism|crafts|cooperatives|social economy|travel,السياحة|الصناعة التقليدية|التعاونيات|الاقتصاد الاجتماعي|السفر,Annuaire des agences de voyages|Recettes en devises du secteur du tourisme 2010-2020|Annuaire des guides touristiques|Liste des établissements d'hébergement touristique|Liste des agences de voyages au Maroc|Evolution nuitées réalisées- établissements d'hébergement touristique par destination 2012-2020|Evolution par marché des nuitées réalisées-établissements d'hébergement touristique 2012-2020|Evolution par point d'entrée des arrivées des touristes aux postes frontières 2012-2020|Evolution par nationalité des arrivées des touristes aux postes frontières 2012-2020|Évolution par destination de la capacité hôtelière classée en lits 2012-2020|Évolution par catégorie de la capacité hôtelière classée en lits 2012-2020,"Données ouvertes du Ministère du Tourisme, de l’Artisanat, et de l’Economie Sociale et Solidaire.","Ministere du Tourisme, de l Artisanat, et de l Economie Sociale et Solidaire. Category: tourism_craft_social_economy. Aliases: MTAESS, Ministere du Tourisme et de l Artisanat. Domaines: tourisme, artisanat, economie sociale et solidaire, MTAESS. Requetes FR: tourisme, artisanat, cooperatives, economie sociale, voyage. Related EN: tourism, crafts, cooperatives, social economy, travel. طلبات AR: السياحة, الصناعة التقليدية, التعاونيات, الاقتصاد الاجتماعي, السفر. Description source: Données ouvertes du Ministère du Tourisme, de l’Artisanat, et de l’Economie Sociale et Solidaire.. Representative datasets: Annuaire des agences de voyages; Recettes en devises du secteur du tourisme 2010-2020; Annuaire des guides touristiques; Liste des établissements d'hébergement touristique; Liste des agences de voyages au Maroc; Evolution nuitées réalisées- établissements d'hébergement touristique par destination 2012-2020; Evolution par marché des nuitées réalisées-établissements d'hébergement touristique 2012-2020; Evolution par point d'entrée des arrivées des touristes aux postes frontières 2012-2020; Evolution par nationalité des arrivées des touristes aux postes frontières 2012-2020; Évolution par destination de la capacité hôtelière classée en lits 2012-2020; Évolution par catégorie de la capacité hôtelière classée en lits 2012-2020. Open data packages: 11.",11
MTNRA,ministere-de-la-reforme-de-l-administration-et-de-la-fonction-publique,Ministere de la Transition Numerique et de la Reforme de l Administration,MTNRA|Ministere de la Transition Numerique|Digital Transition Ministry,digital_transformation,transformation digitale|administration numerique|innovation|services numeriques|MTNRA|administration publique|reforme de l administration|fonction publique|ressources humaines publiques,digital|numerique|startup|innovation|e-gov|transformation digitale|services en ligne|fonction publique|administrations publiques|personnel des administrations publiques|employes de l etat|effectif des administrations|repartition du personnel|ressources humaines publiques,digital|digital government|startup|innovation|e-government|online services|public administration|civil service|public sector employees|government staff|public administration workforce,التحول الرقمي|الادارة الرقمية|الابتكار|الخدمات الرقمية|الحكومة الالكترونية|الشركات الناشئة|الادارة العمومية|موظفو الدولة|الموظفون العموميون|الوظيفة العمومية|عدد الموظفين|توزيع موظفي الادارات العمومية|الموارد البشرية العمومية,Postes de responsabilités aux Collectivités Territoriales - statistiques portail emploi public.|Avis de candidature aux emplois supérieurs publics - statistiques portail emploi public|Concours collectivités territoriales- statistiques portail emploi public|Postes de responsabilité aux Etablissements Publics - Statistiques portail emploi public.|Concours Etablissements Publics - Statistiques portail emploi public|Répartition du personnel des administrations publiques selon la situation familiale|Répartition du personnel des administrations publiques selon l'ancienneté|Annonces pour le recrutement des experts - statistiques portail emploi public.|Répartition du personnel des administrations publiques selon les tranches d'âge|Répartition du personnel des administrations publiques selon les régions|Répartition du personnel des administrations publiques selon les services|Postes de responsabilité aux Services de l'Etat - Statistiques portail emploi public.,Données ouvertes du Ministère de la Transition Numérique et de la réforme de l’Administration.,"Ministere de la Transition Numerique et de la Reforme de l Administration. Category: digital_transformation. Aliases: MTNRA, Ministere de la Transition Numerique, Digital Transition Ministry. Domaines: transformation digitale, administration numerique, innovation, services numeriques, MTNRA. Requetes FR: digital, numerique, startup, innovation, e-gov, transformation digitale, services en ligne. Related EN: digital, digital government, startup, innovation, e-government, online services. طلبات AR: التحول الرقمي, الادارة الرقمية, الابتكار, الخدمات الرقمية, الحكومة الالكترونية, الشركات الناشئة. Description source: Données ouvertes du Ministère de la Transition Numérique et de la réforme de l’Administration.. Representative datasets: Postes de responsabilités aux Collectivités Territoriales - statistiques portail emploi public.; Avis de candidature aux emplois supérieurs publics - statistiques portail emploi public; Concours collectivités territoriales- statistiques portail emploi public; Postes de responsabilité aux Etablissements Publics - Statistiques portail emploi public.; Concours Etablissements Publics - Statistiques portail emploi public; Répartition du personnel des administrations publiques selon la situation familiale; Répartition du personnel des administrations publiques selon l'ancienneté; Annonces pour le recrutement des experts - statistiques portail emploi public.; Répartition du personnel des administrations publiques selon les tranches d'âge; Répartition du personnel des administrations publiques selon les régions; Répartition du personnel des administrations publiques selon les services; Postes de responsabilité aux Services de l'Etat - Statistiques portail emploi public.. Open data packages: 20. Targeted domains: administration publique, reforme de l administration, fonction publique, ressources humaines publiques. Targeted FR terms: fonction publique, administrations publiques, personnel des administrations publiques, employes de l etat, effectif des administrations, repartition du personnel, ressources humaines publiques. Targeted EN terms: public administration, civil service, public sector employees, government staff, public administration workforce. Targeted AR terms: الادارة العمومية, موظفو الدولة, الموظفون العموميون, الوظيفة العمومية, عدد الموظفين, توزيع موظفي الادارات العمومية, الموارد البشرية العمومية.",20
NARSA,narsa,Agence Nationale de la Securite Routiere,NARSA|Agence Nationale de la Securite Routiere,road_safety_transport,securite routiere|circulation|accidents|transport routier|NARSA,securite routiere|accident|permis|circulation|vehicule,road safety|accident|driving license|traffic|vehicle,السلامة الطرقية|حوادث السير|رخصة السياقة|حركة المرور|المركبات,Statistiques des immatriculations et permis de conduire délivrés - 2021|Statistiques des immatriculations et permis de conduire délivrés - 2023|Statistiques des immatriculations et permis de conduire délivrés - 2022|Statistiques des accidents de la circulation routière - 2022|Statistiques des accidents de la circulation routière - 2021|Statistiques des accidents de la circulation routière - 2023|Statistiques des accidents de la circulation routière - 2024,Données ouvertes de L’Agence Nationale de la Sécurité Routière (NARSA),"Agence Nationale de la Securite Routiere. Category: road_safety_transport. Aliases: NARSA, Agence Nationale de la Securite Routiere. Domaines: securite routiere, circulation, accidents, transport routier, NARSA. Requetes FR: securite routiere, accident, permis, circulation, vehicule. Related EN: road safety, accident, driving license, traffic, vehicle. طلبات AR: السلامة الطرقية, حوادث السير, رخصة السياقة, حركة المرور, المركبات. Description source: Données ouvertes de L’Agence Nationale de la Sécurité Routière (NARSA). Representative datasets: Statistiques des immatriculations et permis de conduire délivrés - 2021; Statistiques des immatriculations et permis de conduire délivrés - 2023; Statistiques des immatriculations et permis de conduire délivrés - 2022; Statistiques des accidents de la circulation routière - 2022; Statistiques des accidents de la circulation routière - 2021; Statistiques des accidents de la circulation routière - 2023; Statistiques des accidents de la circulation routière - 2024. Open data packages: 7.",7
Parlement,parlement,Parlement,Parlement,parliament_legislation,parlement|lois|legislation|questions parlementaires,parlement|loi|legislation|depute|seance|question parlementaire,parliament|law|legislation|member of parliament|session,البرلمان|القوانين|التشريع|النواب|الجلسات|الاسئلة البرلمانية,Liste des députés 2014|Liste des député(e)s au titre de la 11ème législature 2021-2026|Liste des questions écrites de la session d'Avril pour les années de 2017 à 2023|Liste des engagements des départements ministériels|Liste des questions écrites entre les sessions Octobre et Avril pour les années de 2016 à 2024|Liste des questions écrites entre les sessions Avril et Octobre pour les années de 2017 à 2023|Liste des questions écrites de la session d'Octobre pour la période 2016 à 2023|Liste des questions orales entre les sessions Octobre et Avril pour les années de 2016 à 2024|Liste des questions orales entre les sessions Avril et Octobre pour les années de 2017 à 2023|Liste des questions orales de la session d'Octobre pour la période 2016 à 2023|Liste des questions orales de la session d'Avril pour les années de 2017 à 2023,Données ouvertes du parlement,"Parlement. Category: parliament_legislation. Aliases: Parlement. Domaines: parlement, lois, legislation, questions parlementaires. Requetes FR: parlement, loi, legislation, depute, seance, question parlementaire. Related EN: parliament, law, legislation, member of parliament, session. طلبات AR: البرلمان, القوانين, التشريع, النواب, الجلسات, الاسئلة البرلمانية. Description source: Données ouvertes du parlement. Representative datasets: Liste des députés 2014; Liste des député(e)s au titre de la 11ème législature 2021-2026; Liste des questions écrites de la session d'Avril pour les années de 2017 à 2023; Liste des engagements des départements ministériels; Liste des questions écrites entre les sessions Octobre et Avril pour les années de 2016 à 2024; Liste des questions écrites entre les sessions Avril et Octobre pour les années de 2017 à 2023; Liste des questions écrites de la session d'Octobre pour la période 2016 à 2023; Liste des questions orales entre les sessions Octobre et Avril pour les années de 2016 à 2024; Liste des questions orales entre les sessions Avril et Octobre pour les années de 2017 à 2023; Liste des questions orales de la session d'Octobre pour la période 2016 à 2023; Liste des questions orales de la session d'Avril pour les années de 2017 à 2023. Open data packages: 11.",11
Poste Maroc,poste-maroc,Poste Maroc,Poste Maroc,postal_services,poste|courrier|colis|services postaux|Poste Maroc,poste|courrier|colis|adresse|service postal,post|mail|parcel|address|postal services,البريد|الطرود|العنوان|الخدمات البريدية,Codes postaux des quartiers|Liste des agences postales|Codes postaux des localités|Code postal des agences Barid Al Maghrib|Liste des agences de Poste Maroc avec coordonnées spatiales,Données ouvertes de la poste,"Poste Maroc. Category: postal_services. Aliases: Poste Maroc. Domaines: poste, courrier, colis, services postaux, Poste Maroc. Requetes FR: poste, courrier, colis, adresse, service postal. Related EN: post, mail, parcel, address, postal services. طلبات AR: البريد, الطرود, العنوان, الخدمات البريدية. Description source: Données ouvertes de la poste. Representative datasets: Codes postaux des quartiers; Liste des agences postales; Codes postaux des localités; Code postal des agences Barid Al Maghrib; Liste des agences de Poste Maroc avec coordonnées spatiales. Open data packages: 5.",5
Régime Collectif d’Allocation de Retraite,regime-collectif-d-allocation-de-retraite,Regime Collectif d Allocation de Retraite,RCAR|Regime Collectif d Allocation de Retraite,retirement_pension,retraite|pension|allocation|cotisation|Régime Collectif d’Allocation de Retraite,retraite|pension|cotisation|allocations|regime de retraite,retirement|pension|contributions|benefits|pension scheme,التقاعد|المعاش|المساهمات|التعويضات|نظام التقاعد,Adresses des Espaces Clientèle RCAR-CNRA|Évolution du Salaire Plafond du RCAR|Principaux Indicateurs du Régime Complémentaire du RCAR|Principaux Indicateurs du Régime Général du RCAR|Evolution de l'Horizon de Viabilité du RCAR|Évolution du Nombre d'Employeurs Adhérents au RCAR|Répartition par Type des Employeurs Adhérents au RCAR,Données ouvertes du Régime Collectif d’Allocation de Retraite,"Regime Collectif d Allocation de Retraite. Category: retirement_pension. Aliases: RCAR, Regime Collectif d Allocation de Retraite. Domaines: retraite, pension, allocation, cotisation, Régime Collectif d’Allocation de Retraite. Requetes FR: retraite, pension, cotisation, allocations, regime de retraite. Related EN: retirement, pension, contributions, benefits, pension scheme. طلبات AR: التقاعد, المعاش, المساهمات, التعويضات, نظام التقاعد. Description source: Données ouvertes du Régime Collectif d’Allocation de Retraite. Representative datasets: Adresses des Espaces Clientèle RCAR-CNRA; Évolution du Salaire Plafond du RCAR; Principaux Indicateurs du Régime Complémentaire du RCAR; Principaux Indicateurs du Régime Général du RCAR; Evolution de l'Horizon de Viabilité du RCAR; Évolution du Nombre d'Employeurs Adhérents au RCAR; Répartition par Type des Employeurs Adhérents au RCAR. Open data packages: 7.",7
Région Béni Mellal-Khénifra,region-beni-mellal-khenifra,Région Béni Mellal-Khénifra,Région Béni Mellal-Khénifra,regional_government,region|gouvernance regionale|developpement territorial|services regionaux|Région Béni Mellal-Khénifra,region|gouvernance regionale|territoire|developpement regional|budget regional,region|regional government|territory|regional development|regional budget,الجهة|الحكامة الجهوية|التراب|التنمية الجهوية|الميزانية الجهوية,Résolutions du conseil de la région Béni Mellal - Khénifra 2015-2023,Données ouvertes de la région Béni Mellal-Khénifra,"Région Béni Mellal-Khénifra. Category: regional_government. Aliases: Région Béni Mellal-Khénifra. Domaines: region, gouvernance regionale, developpement territorial, services regionaux, Région Béni Mellal-Khénifra. Requetes FR: region, gouvernance regionale, territoire, developpement regional, budget regional. Related EN: region, regional government, territory, regional development, regional budget. طلبات AR: الجهة, الحكامة الجهوية, التراب, التنمية الجهوية, الميزانية الجهوية. Description source: Données ouvertes de la région Béni Mellal-Khénifra. Representative datasets: Résolutions du conseil de la région Béni Mellal - Khénifra 2015-2023. Open data packages: 1.",1
Région Casablanca Settat,region-casablanca-settat,Région Casablanca Settat,Région Casablanca Settat,regional_government,region|gouvernance regionale|developpement territorial|services regionaux|Région Casablanca Settat,region|gouvernance regionale|territoire|developpement regional|budget regional,region|regional government|territory|regional development|regional budget,الجهة|الحكامة الجهوية|التراب|التنمية الجهوية|الميزانية الجهوية,Projet de programme de développement régional 2022-2027 de la région Casablanca-Settat|Schéma Régional d’Aménagement du Territoire de la Région Casablanca - Settat (2022),Données ouvertes de la région de Casablanca Settat,"Région Casablanca Settat. Category: regional_government. Aliases: Région Casablanca Settat. Domaines: region, gouvernance regionale, developpement territorial, services regionaux, Région Casablanca Settat. Requetes FR: region, gouvernance regionale, territoire, developpement regional, budget regional. Related EN: region, regional government, territory, regional development, regional budget. طلبات AR: الجهة, الحكامة الجهوية, التراب, التنمية الجهوية, الميزانية الجهوية. Description source: Données ouvertes de la région de Casablanca Settat. Representative datasets: Projet de programme de développement régional 2022-2027 de la région Casablanca-Settat; Schéma Régional d’Aménagement du Territoire de la Région Casablanca - Settat (2022). Open data packages: 2.",2
Région Fès Meknès,region-fes-meknes,Région Fès Meknès,Région Fès Meknès,regional_government,region|gouvernance regionale|developpement territorial|services regionaux|Région Fès Meknès,region|gouvernance regionale|territoire|developpement regional|budget regional,region|regional government|territory|regional development|regional budget,الجهة|الحكامة الجهوية|التراب|التنمية الجهوية|الميزانية الجهوية,Schéma régional d'aménagement du territoire de la région de Fès Meknès pour la période 2017-2042,Données ouvertes de la région Fès Meknès,"Région Fès Meknès. Category: regional_government. Aliases: Région Fès Meknès. Domaines: region, gouvernance regionale, developpement territorial, services regionaux, Région Fès Meknès. Requetes FR: region, gouvernance regionale, territoire, developpement regional, budget regional. Related EN: region, regional government, territory, regional development, regional budget. طلبات AR: الجهة, الحكامة الجهوية, التراب, التنمية الجهوية, الميزانية الجهوية. Description source: Données ouvertes de la région Fès Meknès. Representative datasets: Schéma régional d'aménagement du territoire de la région de Fès Meknès pour la période 2017-2042. Open data packages: 1.",1
Région Souss Massa,region-souss-massa,Région Souss Massa,Région Souss Massa,regional_government,region|gouvernance regionale|developpement territorial|services regionaux|Région Souss Massa,region|gouvernance regionale|territoire|developpement regional|budget regional,region|regional government|territory|regional development|regional budget,الجهة|الحكامة الجهوية|التراب|التنمية الجهوية|الميزانية الجهوية,Schéma régional d’aménagement du territoire de la région Souss Massa (Juin 2021),Données ouvertes de la région Souss Massa,"Région Souss Massa. Category: regional_government. Aliases: Région Souss Massa. Domaines: region, gouvernance regionale, developpement territorial, services regionaux, Région Souss Massa. Requetes FR: region, gouvernance regionale, territoire, developpement regional, budget regional. Related EN: region, regional government, territory, regional development, regional budget. طلبات AR: الجهة, الحكامة الجهوية, التراب, التنمية الجهوية, الميزانية الجهوية. Description source: Données ouvertes de la région Souss Massa. Representative datasets: Schéma régional d’aménagement du territoire de la région Souss Massa (Juin 2021). Open data packages: 1.",1
Région Tanger-Tétouan-Al Hoceima,region-tanger-tetouan-al-hoceima,Région Tanger-Tétouan-Al Hoceima,Région Tanger-Tétouan-Al Hoceima,regional_government,region|gouvernance regionale|developpement territorial|services regionaux|Région Tanger-Tétouan-Al Hoceima,region|gouvernance regionale|territoire|developpement regional|budget regional,region|regional government|territory|regional development|regional budget,الجهة|الحكامة الجهوية|التراب|التنمية الجهوية|الميزانية الجهوية,Etude - schéma régional d’aménagement du territoire Région Tanger-Tétouan-Al Hoceima 2021-2046|Schéma régional d’aménagement du territoire de la région Tanger-Tétouan-Al Hoceima (Janvier 2021)|Schéma régional d’aménagement du territoire de la région Tanger-Tétouan-Al Hoceima 2021-2046,Données ouvertes de la région Tanger-Tétouan-Al Hoceima,"Région Tanger-Tétouan-Al Hoceima. Category: regional_government. Aliases: Région Tanger-Tétouan-Al Hoceima. Domaines: region, gouvernance regionale, developpement territorial, services regionaux, Région Tanger-Tétouan-Al Hoceima. Requetes FR: region, gouvernance regionale, territoire, developpement regional, budget regional. Related EN: region, regional government, territory, regional development, regional budget. طلبات AR: الجهة, الحكامة الجهوية, التراب, التنمية الجهوية, الميزانية الجهوية. Description source: Données ouvertes de la région Tanger-Tétouan-Al Hoceima. Representative datasets: Etude - schéma régional d’aménagement du territoire Région Tanger-Tétouan-Al Hoceima 2021-2046; Schéma régional d’aménagement du territoire de la région Tanger-Tétouan-Al Hoceima (Janvier 2021); Schéma régional d’aménagement du territoire de la région Tanger-Tétouan-Al Hoceima 2021-2046. Open data packages: 3.",3
SOREAD 2M,soread-2m,SOREAD 2M,2M|SOREAD 2M|TV 2M,media_broadcasting,audiovisuel|media|television|production|SOREAD 2M,television|media|audiovisuel|emissions|diffusion,television|media|broadcast|audiovisual|programming,التلفزيون|الاعلام|السمعي البصري|البث|البرامج,Liste des chroniques des programmes / émissions d'informations 2M (Janvier-Septembre 2021)|Liste des chroniques des programmes / émissions d'informations 2M (Janvier-Décembre2021)|Liste des chroniques des programmes / émissions d'informations 2M (Janvier-Février2022)|Monitoring genre dans les programmes 2M pour le mois de Septembre 2021|Monitoring genre dans les programmes 2M pour le mois de Décembre 2021|Monitoring genre dans les programmes 2M pour les mois de janvier et février 2022,Données ouvertes de SOREAD 2M,"SOREAD 2M. Category: media_broadcasting. Aliases: 2M, SOREAD 2M, TV 2M. Domaines: audiovisuel, media, television, production, SOREAD 2M. Requetes FR: television, media, audiovisuel, emissions, diffusion. Related EN: television, media, broadcast, audiovisual, programming. طلبات AR: التلفزيون, الاعلام, السمعي البصري, البث, البرامج. Description source: Données ouvertes de SOREAD 2M. Representative datasets: Liste des chroniques des programmes / émissions d'informations 2M (Janvier-Septembre 2021); Liste des chroniques des programmes / émissions d'informations 2M (Janvier-Décembre2021); Liste des chroniques des programmes / émissions d'informations 2M (Janvier-Février2022); Monitoring genre dans les programmes 2M pour le mois de Septembre 2021; Monitoring genre dans les programmes 2M pour le mois de Décembre 2021; Monitoring genre dans les programmes 2M pour les mois de janvier et février 2022. Open data packages: 6.",6
